Sample	Readset	RunType	Run	Lane	Adapter1	Adapter2	FASTQ1	FASTQ2
SISJ0635_N	SISJ0635_N_RS1	PAIRED_END	1	1	AGATCGGAAGAGCACACGTCTGAACTCCAGTCAC	 AGATCGGAAGAGCGTCGTGTAGGGAAAGAGTGT	/home/alvann/projects/rrg-kleinman/pipeline/v0/levels1-2/njabado/WES/2022-12-16_Clinical_WES_OS_hg/SISJ0635_N/reads/raw/173137_SISJ0635_N_WES_blood_43580_S10_L001_R1.fastq.gz	/home/alvann/projects/rrg-kleinman/pipeline/v0/levels1-2/njabado/WES/2022-12-16_Clinical_WES_OS_hg/SISJ0635_N/reads/raw/173137_SISJ0635_N_WES_blood_43580_S10_L001_R2.fastq.gz
SISJ0635_N	SISJ0635_N_RS2	PAIRED_END	1	2	AGATCGGAAGAGCACACGTCTGAACTCCAGTCAC	 AGATCGGAAGAGCGTCGTGTAGGGAAAGAGTGT	/home/alvann/projects/rrg-kleinman/pipeline/v0/levels1-2/njabado/WES/2022-12-16_Clinical_WES_OS_hg/SISJ0635_N/reads/raw/173137_SISJ0635_N_WES_blood_43580_S10_L002_R1.fastq.gz	/home/alvann/projects/rrg-kleinman/pipeline/v0/levels1-2/njabado/WES/2022-12-16_Clinical_WES_OS_hg/SISJ0635_N/reads/raw/173137_SISJ0635_N_WES_blood_43580_S10_L002_R2.fastq.gz
SISJ0635_T	SISJ0635_T_RS1	PAIRED_END	1	1	AGATCGGAAGAGCACACGTCTGAACTCCAGTCAC	 AGATCGGAAGAGCGTCGTGTAGGGAAAGAGTGT	/home/alvann/projects/rrg-kleinman/pipeline/v0/levels1-2/njabado/WES/2022-12-16_Clinical_WES_OS_hg/SISJ0635_T/reads/raw/173137_SISJ0635_T_WES_osteosarcoma_43568_S11_L001_R1.fastq.gz	/home/alvann/projects/rrg-kleinman/pipeline/v0/levels1-2/njabado/WES/2022-12-16_Clinical_WES_OS_hg/SISJ0635_T/reads/raw/173137_SISJ0635_T_WES_osteosarcoma_43568_S11_L001_R2.fastq.gz
SISJ0635_T	SISJ0635_T_RS2	PAIRED_END	1	2	AGATCGGAAGAGCACACGTCTGAACTCCAGTCAC	 AGATCGGAAGAGCGTCGTGTAGGGAAAGAGTGT	/home/alvann/projects/rrg-kleinman/pipeline/v0/levels1-2/njabado/WES/2022-12-16_Clinical_WES_OS_hg/SISJ0635_T/reads/raw/173137_SISJ0635_T_WES_osteosarcoma_43568_S11_L002_R1.fastq.gz	/home/alvann/projects/rrg-kleinman/pipeline/v0/levels1-2/njabado/WES/2022-12-16_Clinical_WES_OS_hg/SISJ0635_T/reads/raw/173137_SISJ0635_T_WES_osteosarcoma_43568_S11_L002_R2.fastq.gz
SISJ0732_N	SISJ0732_N_RS1	PAIRED_END	1	1	AGATCGGAAGAGCACACGTCTGAACTCCAGTCAC	 AGATCGGAAGAGCGTCGTGTAGGGAAAGAGTGT	/home/alvann/projects/rrg-kleinman/pipeline/v0/levels1-2/njabado/WES/2022-12-16_Clinical_WES_OS_hg/SISJ0732_N/reads/raw/176397_SISJ0732_N_WES_blood_44103_S3_L001_R1.fastq.gz	/home/alvann/projects/rrg-kleinman/pipeline/v0/levels1-2/njabado/WES/2022-12-16_Clinical_WES_OS_hg/SISJ0732_N/reads/raw/176397_SISJ0732_N_WES_blood_44103_S3_L001_R2.fastq.gz
SISJ0732_N	SISJ0732_N_RS2	PAIRED_END	1	2	AGATCGGAAGAGCACACGTCTGAACTCCAGTCAC	 AGATCGGAAGAGCGTCGTGTAGGGAAAGAGTGT	/home/alvann/projects/rrg-kleinman/pipeline/v0/levels1-2/njabado/WES/2022-12-16_Clinical_WES_OS_hg/SISJ0732_N/reads/raw/176397_SISJ0732_N_WES_blood_44103_S3_L002_R1.fastq.gz	/home/alvann/projects/rrg-kleinman/pipeline/v0/levels1-2/njabado/WES/2022-12-16_Clinical_WES_OS_hg/SISJ0732_N/reads/raw/176397_SISJ0732_N_WES_blood_44103_S3_L002_R2.fastq.gz
SISJ0732_T	SISJ0732_T_RS1	PAIRED_END	1	1	AGATCGGAAGAGCACACGTCTGAACTCCAGTCAC	 AGATCGGAAGAGCGTCGTGTAGGGAAAGAGTGT	/home/alvann/projects/rrg-kleinman/pipeline/v0/levels1-2/njabado/WES/2022-12-16_Clinical_WES_OS_hg/SISJ0732_T/reads/raw/176397_SISJ0732_T_WES_osteosarcoma_44088_S4_L001_R1.fastq.gz	/home/alvann/projects/rrg-kleinman/pipeline/v0/levels1-2/njabado/WES/2022-12-16_Clinical_WES_OS_hg/SISJ0732_T/reads/raw/176397_SISJ0732_T_WES_osteosarcoma_44088_S4_L001_R2.fastq.gz
SISJ0732_T	SISJ0732_T_RS2	PAIRED_END	1	2	AGATCGGAAGAGCACACGTCTGAACTCCAGTCAC	 AGATCGGAAGAGCGTCGTGTAGGGAAAGAGTGT	/home/alvann/projects/rrg-kleinman/pipeline/v0/levels1-2/njabado/WES/2022-12-16_Clinical_WES_OS_hg/SISJ0732_T/reads/raw/176397_SISJ0732_T_WES_osteosarcoma_44088_S4_L002_R1.fastq.gz	/home/alvann/projects/rrg-kleinman/pipeline/v0/levels1-2/njabado/WES/2022-12-16_Clinical_WES_OS_hg/SISJ0732_T/reads/raw/176397_SISJ0732_T_WES_osteosarcoma_44088_S4_L002_R2.fastq.gz
TCMG240_T1	TCMG240_T1_RS1	PAIRED_END	1	1	AGATCGGAAGAGCACACGTCTGAACTCCAGTCAC	 AGATCGGAAGAGCGTCGTGTAGGGAAAGAGTGT	/home/alvann/projects/rrg-kleinman/pipeline/v0/levels1-2/njabado/WES/2022-12-16_Clinical_WES_OS_hg/TCMG240_T1/reads/raw/166081_TCMG240_T1_WES_osteosarcoma_43890_S7_L002_R1.fastq.gz	/home/alvann/projects/rrg-kleinman/pipeline/v0/levels1-2/njabado/WES/2022-12-16_Clinical_WES_OS_hg/TCMG240_T1/reads/raw/166081_TCMG240_T1_WES_osteosarcoma_43890_S7_L002_R2.fastq.gz
TCMG240_N	TCMG240_N_RS1	PAIRED_END	1	1	AGATCGGAAGAGCACACGTCTGAACTCCAGTCAC	 AGATCGGAAGAGCGTCGTGTAGGGAAAGAGTGT	/home/alvann/projects/rrg-kleinman/pipeline/v0/levels1-2/njabado/WES/2022-12-16_Clinical_WES_OS_hg/TCMG240_N/reads/raw/166081_TCMG240_N_WES_blood_42467_S3_L001_R1.fastq.gz	/home/alvann/projects/rrg-kleinman/pipeline/v0/levels1-2/njabado/WES/2022-12-16_Clinical_WES_OS_hg/TCMG240_N/reads/raw/166081_TCMG240_N_WES_blood_42467_S3_L001_R2.fastq.gz
