Sample	Readset	Lane	MarkName	MarkType	Run	RunType	Adapter1	Adapter2	FASTQ1	FASTQ2
U2OS_C1A	rs1	1	H3K27me3	B	JAB1887	PAIRED_END	AGATCGGAAGAGCACACGTCTGAACTCCAGTCA	AGATCGGAAGAGCGTCGTGTAGGGAAAGAGTGT	/home/alvann/projects/rrg-kleinman/pipeline/v0/levels1-2/njabado/ChIPseq/2023-02-28_U2OS_EZHIP_OS_Wajih_hg/U2OS_C1A_CRUN_k27me3_WJ68_JAB1887A106/reads/raw/U2OS_C1A_CRUN_k27me3_WJ68_JAB1887A106-1_S1_L001_R1_001.fastq.gz	/home/alvann/projects/rrg-kleinman/pipeline/v0/levels1-2/njabado/ChIPseq/2023-02-28_U2OS_EZHIP_OS_Wajih_hg/U2OS_C1A_CRUN_k27me3_WJ68_JAB1887A106/reads/raw/U2OS_C1A_CRUN_k27me3_WJ68_JAB1887A106-1_S1_L001_R2_001.fastq.gz
U2OS_C1A	rs2	2	H3K27me3	B	JAB1887	PAIRED_END	AGATCGGAAGAGCACACGTCTGAACTCCAGTCA	AGATCGGAAGAGCGTCGTGTAGGGAAAGAGTGT	/home/alvann/projects/rrg-kleinman/pipeline/v0/levels1-2/njabado/ChIPseq/2023-02-28_U2OS_EZHIP_OS_Wajih_hg/U2OS_C1A_CRUN_k27me3_WJ68_JAB1887A106/reads/raw/U2OS_C1A_CRUN_k27me3_WJ68_JAB1887A106-1_S1_L002_R1_001.fastq.gz	/home/alvann/projects/rrg-kleinman/pipeline/v0/levels1-2/njabado/ChIPseq/2023-02-28_U2OS_EZHIP_OS_Wajih_hg/U2OS_C1A_CRUN_k27me3_WJ68_JAB1887A106/reads/raw/U2OS_C1A_CRUN_k27me3_WJ68_JAB1887A106-1_S1_L002_R2_001.fastq.gz
U2OS_C1B	rs3	1	H3K27me3	B	JAB1887	PAIRED_END	AGATCGGAAGAGCACACGTCTGAACTCCAGTCA	AGATCGGAAGAGCGTCGTGTAGGGAAAGAGTGT	/home/alvann/projects/rrg-kleinman/pipeline/v0/levels1-2/njabado/ChIPseq/2023-02-28_U2OS_EZHIP_OS_Wajih_hg/U2OS_C1B_CRUN_k27me3_WJ69_JAB1887A106/reads/raw/U2OS_C1B_CRUN_k27me3_WJ69_JAB1887A106-2_S2_L001_R1_001.fastq.gz	/home/alvann/projects/rrg-kleinman/pipeline/v0/levels1-2/njabado/ChIPseq/2023-02-28_U2OS_EZHIP_OS_Wajih_hg/U2OS_C1B_CRUN_k27me3_WJ69_JAB1887A106/reads/raw/U2OS_C1B_CRUN_k27me3_WJ69_JAB1887A106-2_S2_L001_R2_001.fastq.gz
U2OS_C1B	rs4	2	H3K27me3	B	JAB1887	PAIRED_END	AGATCGGAAGAGCACACGTCTGAACTCCAGTCA	AGATCGGAAGAGCGTCGTGTAGGGAAAGAGTGT	/home/alvann/projects/rrg-kleinman/pipeline/v0/levels1-2/njabado/ChIPseq/2023-02-28_U2OS_EZHIP_OS_Wajih_hg/U2OS_C1B_CRUN_k27me3_WJ69_JAB1887A106/reads/raw/U2OS_C1B_CRUN_k27me3_WJ69_JAB1887A106-2_S2_L002_R1_001.fastq.gz	/home/alvann/projects/rrg-kleinman/pipeline/v0/levels1-2/njabado/ChIPseq/2023-02-28_U2OS_EZHIP_OS_Wajih_hg/U2OS_C1B_CRUN_k27me3_WJ69_JAB1887A106/reads/raw/U2OS_C1B_CRUN_k27me3_WJ69_JAB1887A106-2_S2_L002_R2_001.fastq.gz
U2OS_C1C	rs5	1	H3K27me3	B	JAB1887	PAIRED_END	AGATCGGAAGAGCACACGTCTGAACTCCAGTCA	AGATCGGAAGAGCGTCGTGTAGGGAAAGAGTGT	/home/alvann/projects/rrg-kleinman/pipeline/v0/levels1-2/njabado/ChIPseq/2023-02-28_U2OS_EZHIP_OS_Wajih_hg/U2OS_C1C_CRUN_k27me3_WJ70_JAB1887A106/reads/raw/U2OS_C1C_CRUN_k27me3_WJ70_JAB1887A106-3_S3_L001_R1_001.fastq.gz	/home/alvann/projects/rrg-kleinman/pipeline/v0/levels1-2/njabado/ChIPseq/2023-02-28_U2OS_EZHIP_OS_Wajih_hg/U2OS_C1C_CRUN_k27me3_WJ70_JAB1887A106/reads/raw/U2OS_C1C_CRUN_k27me3_WJ70_JAB1887A106-3_S3_L001_R2_001.fastq.gz
U2OS_C1C	rs6	2	H3K27me3	B	JAB1887	PAIRED_END	AGATCGGAAGAGCACACGTCTGAACTCCAGTCA	AGATCGGAAGAGCGTCGTGTAGGGAAAGAGTGT	/home/alvann/projects/rrg-kleinman/pipeline/v0/levels1-2/njabado/ChIPseq/2023-02-28_U2OS_EZHIP_OS_Wajih_hg/U2OS_C1C_CRUN_k27me3_WJ70_JAB1887A106/reads/raw/U2OS_C1C_CRUN_k27me3_WJ70_JAB1887A106-3_S3_L002_R1_001.fastq.gz	/home/alvann/projects/rrg-kleinman/pipeline/v0/levels1-2/njabado/ChIPseq/2023-02-28_U2OS_EZHIP_OS_Wajih_hg/U2OS_C1C_CRUN_k27me3_WJ70_JAB1887A106/reads/raw/U2OS_C1C_CRUN_k27me3_WJ70_JAB1887A106-3_S3_L002_R2_001.fastq.gz
U2OS_C54A	rs7	1	H3K27me3	B	JAB1887	PAIRED_END	AGATCGGAAGAGCACACGTCTGAACTCCAGTCA	AGATCGGAAGAGCGTCGTGTAGGGAAAGAGTGT	/home/alvann/projects/rrg-kleinman/pipeline/v0/levels1-2/njabado/ChIPseq/2023-02-28_U2OS_EZHIP_OS_Wajih_hg/U2OS_C54A_CRUN_k27me3_WJ71_JAB1887A106/reads/raw/U2OS_C54A_CRUN_k27me3_WJ71_JAB1887A106-4_S4_L001_R1_001.fastq.gz	/home/alvann/projects/rrg-kleinman/pipeline/v0/levels1-2/njabado/ChIPseq/2023-02-28_U2OS_EZHIP_OS_Wajih_hg/U2OS_C54A_CRUN_k27me3_WJ71_JAB1887A106/reads/raw/U2OS_C54A_CRUN_k27me3_WJ71_JAB1887A106-4_S4_L001_R2_001.fastq.gz
U2OS_C54A	rs8	2	H3K27me3	B	JAB1887	PAIRED_END	AGATCGGAAGAGCACACGTCTGAACTCCAGTCA	AGATCGGAAGAGCGTCGTGTAGGGAAAGAGTGT	/home/alvann/projects/rrg-kleinman/pipeline/v0/levels1-2/njabado/ChIPseq/2023-02-28_U2OS_EZHIP_OS_Wajih_hg/U2OS_C54A_CRUN_k27me3_WJ71_JAB1887A106/reads/raw/U2OS_C54A_CRUN_k27me3_WJ71_JAB1887A106-4_S4_L002_R1_001.fastq.gz	/home/alvann/projects/rrg-kleinman/pipeline/v0/levels1-2/njabado/ChIPseq/2023-02-28_U2OS_EZHIP_OS_Wajih_hg/U2OS_C54A_CRUN_k27me3_WJ71_JAB1887A106/reads/raw/U2OS_C54A_CRUN_k27me3_WJ71_JAB1887A106-4_S4_L002_R2_001.fastq.gz
U2OS_C54B	rs9	1	H3K27me3	B	JAB1887	PAIRED_END	AGATCGGAAGAGCACACGTCTGAACTCCAGTCA	AGATCGGAAGAGCGTCGTGTAGGGAAAGAGTGT	/home/alvann/projects/rrg-kleinman/pipeline/v0/levels1-2/njabado/ChIPseq/2023-02-28_U2OS_EZHIP_OS_Wajih_hg/U2OS_C54B_CRUN_k27me3_WJ72_JAB1887A106/reads/raw/U2OS_C54B_CRUN_k27me3_WJ72_JAB1887A106-5_S5_L001_R1_001.fastq.gz	/home/alvann/projects/rrg-kleinman/pipeline/v0/levels1-2/njabado/ChIPseq/2023-02-28_U2OS_EZHIP_OS_Wajih_hg/U2OS_C54B_CRUN_k27me3_WJ72_JAB1887A106/reads/raw/U2OS_C54B_CRUN_k27me3_WJ72_JAB1887A106-5_S5_L001_R2_001.fastq.gz
U2OS_C54B	rs10	2	H3K27me3	B	JAB1887	PAIRED_END	AGATCGGAAGAGCACACGTCTGAACTCCAGTCA	AGATCGGAAGAGCGTCGTGTAGGGAAAGAGTGT	/home/alvann/projects/rrg-kleinman/pipeline/v0/levels1-2/njabado/ChIPseq/2023-02-28_U2OS_EZHIP_OS_Wajih_hg/U2OS_C54B_CRUN_k27me3_WJ72_JAB1887A106/reads/raw/U2OS_C54B_CRUN_k27me3_WJ72_JAB1887A106-5_S5_L002_R1_001.fastq.gz	/home/alvann/projects/rrg-kleinman/pipeline/v0/levels1-2/njabado/ChIPseq/2023-02-28_U2OS_EZHIP_OS_Wajih_hg/U2OS_C54B_CRUN_k27me3_WJ72_JAB1887A106/reads/raw/U2OS_C54B_CRUN_k27me3_WJ72_JAB1887A106-5_S5_L002_R2_001.fastq.gz
U2OS_C54C	rs11	1	H3K27me3	B	JAB1887	PAIRED_END	AGATCGGAAGAGCACACGTCTGAACTCCAGTCA	AGATCGGAAGAGCGTCGTGTAGGGAAAGAGTGT	/home/alvann/projects/rrg-kleinman/pipeline/v0/levels1-2/njabado/ChIPseq/2023-02-28_U2OS_EZHIP_OS_Wajih_hg/U2OS_C54C_CRUN_k27me3_WJ73_JAB1887A106/reads/raw/U2OS_C54C_CRUN_k27me3_WJ73_JAB1887A106-6_S6_L001_R1_001.fastq.gz	/home/alvann/projects/rrg-kleinman/pipeline/v0/levels1-2/njabado/ChIPseq/2023-02-28_U2OS_EZHIP_OS_Wajih_hg/U2OS_C54C_CRUN_k27me3_WJ73_JAB1887A106/reads/raw/U2OS_C54C_CRUN_k27me3_WJ73_JAB1887A106-6_S6_L001_R2_001.fastq.gz
U2OS_C54C	rs12	2	H3K27me3	B	JAB1887	PAIRED_END	AGATCGGAAGAGCACACGTCTGAACTCCAGTCA	AGATCGGAAGAGCGTCGTGTAGGGAAAGAGTGT	/home/alvann/projects/rrg-kleinman/pipeline/v0/levels1-2/njabado/ChIPseq/2023-02-28_U2OS_EZHIP_OS_Wajih_hg/U2OS_C54C_CRUN_k27me3_WJ73_JAB1887A106/reads/raw/U2OS_C54C_CRUN_k27me3_WJ73_JAB1887A106-6_S6_L002_R1_001.fastq.gz	/home/alvann/projects/rrg-kleinman/pipeline/v0/levels1-2/njabado/ChIPseq/2023-02-28_U2OS_EZHIP_OS_Wajih_hg/U2OS_C54C_CRUN_k27me3_WJ73_JAB1887A106/reads/raw/U2OS_C54C_CRUN_k27me3_WJ73_JAB1887A106-6_S6_L002_R2_001.fastq.gz
